variable	n_items	alpha_nominal_r2c	ci95_lo	ci95_hi	unresolved_count
MethodFamily	73	0.004303780705820048	-0.04831117635096178	0.041422772868423885	12
MethodNormativity	53	-0.13762626262626254	-0.19436619718309855	-0.08253114996157312	11
MethodTag	57	-0.0848445124171584	-0.13555982006615305	-0.04023544046462107	7
MethodTransparency	67	-0.10992642199409608	-0.1534816571281275	-0.061124216203249336	9
Methodology	66	-0.0743818610854623	-0.12710329669856132	-0.020496066801826713	8
coder_notes_rule_code	73	0.005258806019513784	-0.047068304770467174	0.043739854739698575	12
