variable	alpha_nominal_r1	n_items	majority	stalemate
MethodFamily	0.003666163467759387	70	61	9
MethodTag	-0.11210406116572358	50	50	0
MethodTransparency	-0.1438995600386308	41	41	0
Methodology	-0.0800451977401131	58	58	0
coder_notes_rule_code	0.004703601306955019	70	61	9
